band,feature,valid_pixels,valid_fraction,missing_pixels,min,max,mean
1,mag_anom,5165852,0.420700764547412,7113308,-1052.0047607421875,2109.447509765625,-42.99648217715815
2,rtp,5165852,0.420700764547412,7113308,-2786.299560546875,4508.76025390625,-119.52529410960835
3,tmi_hg,5165852,0.420700764547412,7113308,0.004909869749099,2200.4365234375,26.485794571052256
4,geod_2ndinv,5165852,0.420700764547412,7113308,1.2000000476837158,87.45342254638672,21.243531434859616
5,iso_grav_anom_slope,5165852,0.420700764547412,7113308,0.0013825353235006,0.6517290472984314,0.1201849840630689
6,tc,5165840,0.4206997872818662,7113320,2.9534237384796143,88.56654357910156,18.46390962354676
7,geod_shearrate,5165852,0.420700764547412,7113308,0.0,54.400001525878906,10.792228668288864
8,geod_dilaterate,5165852,0.420700764547412,7113308,-16.5,34.52448272705078,6.361382137545331
9,tmi_vg,5165852,0.420700764547412,7113308,-7.650597095489502,20.51092338562012,0.001166592348548
10,deq_n100a15,5165852,0.420700764547412,7113308,0.0,4962515.0,9637.052301795931
11,iso_grav_anom_vg,5165852,0.420700764547412,7113308,-18.164581298828125,12.578903198242188,-0.0599701128132199
12,det_elev,5165852,0.420700764547412,7113308,-589.9837036132812,1469.9127197265625,-17.27616757121369
13,iso_grav_anom,5165852,0.420700764547412,7113308,-45.75756072998047,24.232954025268555,-8.205912857802604
14,tmi,5165852,0.420700764547412,7113308,-2178.27783203125,4506.14111328125,-107.62381022145398
15,depth_to_base_surf,5165852,0.420700764547412,7113308,-14.837310791015623,7135.306640625,532.5454971263899
16,ieq_n100a15,5165852,0.420700764547412,7113308,236.8000030517578,7869.5,1118.0996034202155
17,cond_surf,5165852,0.420700764547412,7113308,0.1937037855386734,4.969292640686035,2.854836213411657
18,iso_grav_anom_hg,5165852,0.420700764547412,7113308,-15.441243171691896,12.856057167053224,0.0012024601199493
19,det_elev_slope,5165852,0.420700764547412,7113308,0.0011031363392248,62.64591598510742,7.4104616298860035
20,dem,7013695,0.5711868727176778,5265465,1030.1357421875,4124.60693359375,1661.5767494206625
