fold,threshold,hard_dwt,tp_w,fp_w,fn_w
0,0.0099999997764825,0.0648317180439559,14185.0,1006101.125,4240.0
0,0.0199999995529651,0.0812787381701523,10537.0,563964.5,7888.0
0,0.0299999993294477,0.0952874366386332,8188.0,347759.40625,10237.0
0,0.050000000745058,0.1129487041281555,5301.0,155663.046875,13124.0
0,0.0750000029802322,0.1164561825416192,3463.0,71519.53125,14962.0
0,0.1000000014901161,0.1070253372512186,2458.0,38674.62109375,15967.0
0,0.1500000059604644,0.0794369384376792,1425.0,14568.7890625,17000.0
0,0.2000000029802322,0.0557247255899239,908.0,6863.9130859375,17517.0
0,0.25,0.0410904263980924,641.0,3657.703857421875,17784.0
0,0.3000000119209289,0.0316411408221921,483.0,2141.681640625,17942.0
0,0.4000000059604645,0.0189066303719803,283.0,858.469482421875,18142.0
0,0.5,0.0090269015795451,134.0,388.5883483886719,18291.0
1,0.0099999997764825,0.0858332548486244,10230.0,535152.875,2405.0
1,0.0199999995529651,0.0990421280966583,9041.0,396840.9375,3594.0
1,0.0299999993294477,0.1069691332477973,8061.0,318189.9375,4574.0
1,0.050000000745058,0.1149356717944526,6364.0,219946.515625,6271.0
1,0.0750000029802322,0.1215589666700697,4826.0,143138.484375,7809.0
1,0.1000000014901161,0.1205660180272829,3616.0,95803.3359375,9019.0
1,0.1500000059604644,0.1082100772421899,2081.0,43534.5546875,10554.0
1,0.2000000029802322,0.0878337555949964,1264.0,20150.11328125,11371.0
1,0.25,0.0696313961014184,849.0,9574.87890625,11786.0
1,0.3000000119209289,0.0552843294512591,619.0,4824.314453125,12016.0
1,0.4000000059604645,0.0305819765414849,319.0,1295.90234375,12316.0
1,0.5,0.0159662521800596,163.0,342.1664428710937,12472.0
2,0.0099999997764825,0.0711223347297502,9356.0,610151.9375,202.0
2,0.0199999995529651,0.0750815416453689,8817.0,540112.625,741.0
2,0.0299999993294477,0.0782634192561433,8231.0,479389.3125,1327.0
2,0.050000000745058,0.0810691170223928,7021.0,387772.5625,2537.0
2,0.0750000029802322,0.0834631655257134,5781.0,302307.4375,3777.0
2,0.1000000014901161,0.0869454211841048,4923.0,239953.640625,4635.0
2,0.1500000059604644,0.0914587058529431,3590.0,154441.4375,5968.0
2,0.2000000029802322,0.0911840600982502,2476.0,95061.34375,7082.0
2,0.25,0.0815826159595992,1551.0,55274.015625,8007.0
2,0.3000000119209289,0.0611655958456375,832.0,28948.08984375,8726.0
2,0.4000000059604645,0.020687674929811,182.0,5573.54345703125,9376.0
2,0.5,0.004116866834863,32.0,600.5070190429688,9526.0
3,0.0099999997764825,0.0852528876941105,7407.0,395282.4375,524.0
3,0.0199999995529651,0.0928463902854784,6771.0,326139.53125,1160.0
3,0.0299999993294477,0.0983916208059648,6062.0,270268.6875,1869.0
3,0.050000000745058,0.1078310172936183,4678.0,180511.46875,3253.0
3,0.0750000029802322,0.1146783734172863,3354.0,111157.0703125,4577.0
3,0.1000000014901161,0.1151356806337445,2426.0,71203.9609375,5505.0
3,0.1500000059604644,0.1109350115419782,1460.0,32620.29296875,6471.0
3,0.2000000029802322,0.105925833888174,1042.0,16419.357421875,6889.0
3,0.25,0.0950300768652401,795.0,9309.8623046875,7136.0
3,0.3000000119209289,0.0805503920908187,613.0,5713.71484375,7318.0
3,0.4000000059604645,0.0495035477357156,339.0,2176.97021484375,7592.0
3,0.5,0.023215895022036,151.0,645.8224487304688,7780.0
4,0.0099999997764825,0.0852072250103376,6970.0,372492.875,415.0
4,0.0199999995529651,0.0917603205949657,6402.0,312901.59375,983.0
4,0.0299999993294477,0.1001819950024854,5837.0,255942.8125,1548.0
4,0.050000000745058,0.1120213606909471,4707.0,175846.859375,2678.0
4,0.0750000029802322,0.1179983253854101,3491.0,114894.828125,3894.0
4,0.1000000014901161,0.1233901835925118,2658.0,75509.109375,4727.0
4,0.1500000059604644,0.1292861116786908,1655.0,32810.328125,5730.0
4,0.2000000029802322,0.1162019588389322,1053.0,14716.046875,6332.0
4,0.25,0.0962322259498802,714.0,6843.759765625,6671.0
4,0.3000000119209289,0.0705240179827702,474.0,3591.572509765625,6911.0
4,0.4000000059604645,0.0378670432704417,235.0,1254.6209716796875,7150.0
4,0.5,0.0151878795321538,91.0,327.0990905761719,7294.0
