row,col,easting_m,northing_m,predicted_probability,prospectivity_percentile
1141,1538,397200.0,4394400.0,0.88078725,100.0
3390,1597,403100.0,4169500.0,0.8802966,99.99980000000001
3388,1593,402700.0,4169700.0,0.87421423,99.9996
392,3121,555500.0,4469300.0,0.8738088,99.99940000000001
3136,1761,419500.0,4194900.0,0.8725321,99.9992
3387,1599,403300.0,4169800.0,0.86770666,99.99900000000001
3136,1759,419300.0,4194900.0,0.86739707,99.9988
3353,1577,401100.0,4173200.0,0.865707,99.99860000000001
3411,1606,404000.0,4167400.0,0.8587694,99.9984
185,2154,458800.0,4490000.0,0.85375965,99.9982
765,2022,445600.0,4432000.0,0.852515,99.998
3264,1559,399300.0,4182100.0,0.8522139,99.9978
3268,1559,399300.0,4181700.0,0.8505446,99.99759999999999
952,1696,413000.0,4413300.0,0.84805506,99.9974
3409,1602,403600.0,4167600.0,0.8474852,99.99719999999999
995,1680,411400.0,4409000.0,0.8474542,99.997
392,3124,555800.0,4469300.0,0.8474047,99.9968
391,3121,555500.0,4469400.0,0.8471926,99.9966
3270,1559,399300.0,4181500.0,0.8471265,99.9964
428,2050,448400.0,4465700.0,0.84652704,99.9962
3400,1597,403100.0,4168500.0,0.84583086,99.996
36,2679,511300.0,4504900.0,0.8456026,99.9958
318,3186,562000.0,4476700.0,0.8444589,99.9956
3263,1559,399300.0,4182200.0,0.84234273,99.9954
319,3187,562100.0,4476600.0,0.83772635,99.9952
2033,1006,344000.0,4305200.0,0.8372641,99.995
34,2678,511200.0,4505100.0,0.83660185,99.9948
318,3187,562100.0,4476700.0,0.83538485,99.9946
587,2904,533800.0,4449800.0,0.8342559,99.9944
3390,1599,403300.0,4169500.0,0.83414865,99.9942
388,3128,556200.0,4469700.0,0.8338091,99.994
3402,1599,403300.0,4168300.0,0.8331628,99.9938
1155,1540,397400.0,4393000.0,0.8331207,99.9936
3391,1597,403100.0,4169400.0,0.82999766,99.9934
3269,1559,399300.0,4181600.0,0.8297532,99.9932
297,1509,394300.0,4478800.0,0.8295089,99.993
1249,1549,398300.0,4383600.0,0.829325,99.9928
2,2658,509200.0,4508300.0,0.8291564,99.9926
3128,1772,420600.0,4195700.0,0.82761884,99.9924
972,1692,412600.0,4411300.0,0.82723254,99.9922
3264,1521,395500.0,4182100.0,0.82462376,99.992
748,2043,447700.0,4433700.0,0.82434034,99.9918
166,2770,520400.0,4491900.0,0.8230233,99.9916
772,1862,429600.0,4431300.0,0.8207915,99.9914
399,3113,554700.0,4468600.0,0.81911016,99.9912
3388,1600,403400.0,4169700.0,0.8190039,99.991
594,2882,531600.0,4449100.0,0.81792146,99.99080000000001
3407,1607,404100.0,4167800.0,0.81760603,99.9906
171,2772,520600.0,4491400.0,0.81754565,99.99040000000001
36,2678,511200.0,4504900.0,0.81650585,99.9902
3430,1610,404400.0,4165500.0,0.8164427,99.99
396,3112,554600.0,4468900.0,0.81615084,99.9898
1245,1551,398500.0,4384000.0,0.8161136,99.9896
3399,1601,403500.0,4168600.0,0.8158368,99.98939999999999
2381,1080,351400.0,4270400.0,0.8152425,99.9892
764,2023,445700.0,4432100.0,0.8142392,99.98899999999999
357,1021,345500.0,4472800.0,0.81314594,99.9888
22,2673,510700.0,4506300.0,0.8113811,99.9886
391,2065,449900.0,4469400.0,0.8113018,99.9884
3281,1534,396800.0,4180400.0,0.810695,99.9882
24,2673,510700.0,4506100.0,0.81033313,99.988
457,2035,446900.0,4462800.0,0.8092685,99.98780000000001
2969,2078,451200.0,4211600.0,0.809165,99.9876
18,2780,521400.0,4506700.0,0.8090909,99.98740000000001
26,2675,510900.0,4505900.0,0.80745023,99.9872
3436,1612,404600.0,4164900.0,0.80685645,99.98700000000001
3406,1608,404200.0,4167900.0,0.80502075,99.9868
590,2900,533400.0,4449500.0,0.8049348,99.98660000000001
254,2743,517700.0,4483100.0,0.80474687,99.9864
3468,1640,407400.0,4161700.0,0.80405444,99.9862
589,2900,533400.0,4449600.0,0.8037791,99.98599999999999
3259,1568,400200.0,4182600.0,0.8036796,99.9858
429,2049,448300.0,4465600.0,0.8032077,99.98559999999999
1156,1541,397500.0,4392900.0,0.8027848,99.9854
3261,1515,394900.0,4182400.0,0.8025178,99.98519999999999
173,2772,520600.0,4491200.0,0.802111,99.985
771,1862,429600.0,4431400.0,0.80149966,99.98479999999999
458,3047,548100.0,4462700.0,0.80118585,99.9846
3,2664,509800.0,4508200.0,0.8009694,99.9844
1961,1557,399100.0,4312400.0,0.80004627,99.9842
3385,1596,403000.0,4170000.0,0.79849815,99.984
3268,1567,400100.0,4181700.0,0.7983737,99.9838
99,2764,519800.0,4498600.0,0.796683,99.9836
602,2872,530600.0,4448300.0,0.7961265,99.9834
504,2978,541200.0,4458100.0,0.7958437,99.98320000000001
3144,1758,419200.0,4194100.0,0.7942013,99.983
489,3002,543600.0,4459600.0,0.7940962,99.98280000000001
3262,1563,399700.0,4182300.0,0.79383034,99.9826
1178,1561,399500.0,4390700.0,0.7937686,99.9824
104,2765,519900.0,4498100.0,0.7931381,99.9822
3276,1560,399400.0,4180900.0,0.7931273,99.982
3353,1578,401200.0,4173200.0,0.7925285,99.98179999999999
1149,1538,397200.0,4393600.0,0.7918061,99.9816
2970,2075,450900.0,4211500.0,0.7908257,99.9814
595,2882,531600.0,4449000.0,0.79024404,99.9812
112,2764,519800.0,4497300.0,0.78942966,99.981
2968,2081,451500.0,4211700.0,0.7891999,99.9808
3432,1610,404400.0,4165300.0,0.78823334,99.9806
396,3115,554900.0,4468900.0,0.78803664,99.9804
119,2766,520000.0,4496600.0,0.78759074,99.9802
